<!--
This is HAM's fully-dynamic roaming system. As each city is liberated, its perimeter as well as some road sectors leading out of the city will be patrolled by Militia. Militia will also move into sectors that allow them to intercept enemies headed for nearby SAM sites. As more cities are liberated, more areas of the map, including some minor cities, will be available for militia roaming. On the whole, however, militia will completely shun enemy cities and the areas around them. To have militia patrolling the Meduna area, you will need to liberate all 6 other cities on the map.

With this system in place, a militia unit trained in one city can end up patrolling the perimeter of another city, assuming both cities are liberated. This system is also geared to be used with other HAM features, such as reinforcing SAMs/Towns, and autonomously reclaiming important areas (such as Tixa or Omerta) from enemy units.
-->

<DYNAMICROAMING>
	<RESTRICTION>
		<SectorGrid>A9</SectorGrid>
		<ReqTown>2</ReqTown>
	</RESTRICTION>
	<RESTRICTION>
		<SectorGrid>A10</SectorGrid>
		<ReqTown>2</ReqTown>
	</RESTRICTION>
	<RESTRICTION>
		<SectorGrid>A12</SectorGrid>
		<ReqTown>2</ReqTown>
	</RESTRICTION>
	<RESTRICTION>
		<SectorGrid>A13</SectorGrid>
		<ReqTown>2</ReqTown>
	</RESTRICTION>
	<RESTRICTION>
		<SectorGrid>A14</SectorGrid>
		<ReqTown>2</ReqTown>
	</RESTRICTION>
	<RESTRICTION>
		<SectorGrid>B9</SectorGrid>
		<ReqTown>2</ReqTown>
	</RESTRICTION>
	<RESTRICTION>
		<SectorGrid>B10</SectorGrid>
		<ReqTown>2</ReqTown>
	</RESTRICTION>
	<RESTRICTION>
		<SectorGrid>B11</SectorGrid>
		<ReqTown>2</ReqTown>
	</RESTRICTION>
	<RESTRICTION>
		<SectorGrid>B12</SectorGrid>
		<ReqTown>2</ReqTown>
	</RESTRICTION>
	<RESTRICTION>
		<SectorGrid>B13</SectorGrid>
		<ReqTown>2</ReqTown>
	</RESTRICTION>
	<RESTRICTION>
		<SectorGrid>B14</SectorGrid>
		<ReqTown>2</ReqTown>
	</RESTRICTION>
	<RESTRICTION>
		<SectorGrid>C12</SectorGrid>
		<ReqTown>2</ReqTown>
	</RESTRICTION>
	<RESTRICTION>
		<SectorGrid>C13</SectorGrid>
		<ReqTown>2</ReqTown>
	</RESTRICTION>
	<RESTRICTION>
		<SectorGrid>C14</SectorGrid>
		<ReqTown>2</ReqTown>
	</RESTRICTION>
	<RESTRICTION>
		<SectorGrid>D12</SectorGrid>
		<ReqTown>2</ReqTown>
	</RESTRICTION>
	<RESTRICTION>
		<SectorGrid>D13</SectorGrid>
		<ReqTown>2</ReqTown>
	</RESTRICTION>
	<RESTRICTION>
		<SectorGrid>D14</SectorGrid>
		<ReqTown>2</ReqTown>
	</RESTRICTION>
	<RESTRICTION>
		<SectorGrid>D15</SectorGrid>
		<ReqTown>2</ReqTown>
	</RESTRICTION>
	<RESTRICTION>
		<SectorGrid>E12</SectorGrid>
		<ReqTown>2</ReqTown>
	</RESTRICTION>
	<RESTRICTION>
		<SectorGrid>E13</SectorGrid>
		<ReqTown>2</ReqTown>
	</RESTRICTION>
	<RESTRICTION>
		<SectorGrid>E14</SectorGrid>
		<ReqTown>2</ReqTown>
	</RESTRICTION>
	<RESTRICTION>
		<SectorGrid>E15</SectorGrid>
		<ReqTown>2</ReqTown>
	</RESTRICTION>
	<RESTRICTION>
		<SectorGrid>F12</SectorGrid>
		<ReqTown>2</ReqTown>
	</RESTRICTION>
	<RESTRICTION>
		<SectorGrid>F12</SectorGrid>
		<ReqTown>3</ReqTown>
	</RESTRICTION>
	<RESTRICTION>
		<SectorGrid>G12</SectorGrid>
		<ReqTown>3</ReqTown>
	</RESTRICTION>
	<RESTRICTION>
		<SectorGrid>G13</SectorGrid>
		<ReqTown>3</ReqTown>
	</RESTRICTION>
	<RESTRICTION>
		<SectorGrid>G14</SectorGrid>
		<ReqTown>3</ReqTown>
	</RESTRICTION>
	<RESTRICTION>
		<SectorGrid>G15</SectorGrid>
		<ReqTown>3</ReqTown>
	</RESTRICTION>
	<RESTRICTION>
		<SectorGrid>H12</SectorGrid>
		<ReqTown>3</ReqTown>
	</RESTRICTION>
	<RESTRICTION>
		<SectorGrid>H13</SectorGrid>
		<ReqTown>3</ReqTown>
	</RESTRICTION>
	<RESTRICTION>
		<SectorGrid>H14</SectorGrid>
		<ReqTown>3</ReqTown>
	</RESTRICTION>
	<RESTRICTION>
		<SectorGrid>H15</SectorGrid>
		<ReqTown>3</ReqTown>
	</RESTRICTION>
	<RESTRICTION>
		<SectorGrid>I12</SectorGrid>
		<ReqTown>3</ReqTown>
	</RESTRICTION>
	<RESTRICTION>
		<SectorGrid>I13</SectorGrid>
		<ReqTown>3</ReqTown>
	</RESTRICTION>
	<RESTRICTION>
		<SectorGrid>I14</SectorGrid>
		<ReqTown>3</ReqTown>
	</RESTRICTION>
	<RESTRICTION>
		<SectorGrid>I15</SectorGrid>
		<ReqTown>3</ReqTown>
	</RESTRICTION>
	<RESTRICTION>
		<SectorGrid>J12</SectorGrid>
		<ReqTown>3</ReqTown>
	</RESTRICTION>
	<RESTRICTION>
		<SectorGrid>J13</SectorGrid>
		<ReqTown>3</ReqTown>
	</RESTRICTION>
	<RESTRICTION>
		<SectorGrid>J14</SectorGrid>
		<ReqTown>3</ReqTown>
	</RESTRICTION>
	<RESTRICTION>
		<SectorGrid>J15</SectorGrid>
		<ReqTown>3</ReqTown>
	</RESTRICTION>
	<RESTRICTION>
		<SectorGrid>K14</SectorGrid>
		<ReqTown>3</ReqTown>
	</RESTRICTION>
	<RESTRICTION>
		<SectorGrid>K6</SectorGrid>
		<ReqTown>10</ReqTown>
	</RESTRICTION>
	<RESTRICTION>
		<SectorGrid>K7</SectorGrid>
		<ReqTown>10</ReqTown>
	</RESTRICTION>
	<RESTRICTION>
		<SectorGrid>K8</SectorGrid>
		<ReqTown>10</ReqTown>
	</RESTRICTION>
	<RESTRICTION>
		<SectorGrid>K9</SectorGrid>
		<ReqTown>10</ReqTown>
	</RESTRICTION>
	<RESTRICTION>
		<SectorGrid>K10</SectorGrid>
		<ReqTown>10</ReqTown>
	</RESTRICTION>
	<RESTRICTION>
		<SectorGrid>K11</SectorGrid>
		<ReqTown>10</ReqTown>
	</RESTRICTION>
	<RESTRICTION>
		<SectorGrid>K12</SectorGrid>
		<ReqTown>10</ReqTown>
	</RESTRICTION>
	<RESTRICTION>
		<SectorGrid>K13</SectorGrid>
		<ReqTown>10</ReqTown>
	</RESTRICTION>
	<RESTRICTION>
		<SectorGrid>L10</SectorGrid>
		<ReqTown>10</ReqTown>
	</RESTRICTION>
	<RESTRICTION>
		<SectorGrid>L11</SectorGrid>
		<ReqTown>10</ReqTown>
	</RESTRICTION>
	<RESTRICTION>
		<SectorGrid>L12</SectorGrid>
		<ReqTown>10</ReqTown>
	</RESTRICTION>
	<RESTRICTION>
		<SectorGrid>L13</SectorGrid>
		<ReqTown>10</ReqTown>
	</RESTRICTION>
	<RESTRICTION>
		<SectorGrid>M10</SectorGrid>
		<ReqTown>10</ReqTown>
	</RESTRICTION>
	<RESTRICTION>
		<SectorGrid>M13</SectorGrid>
		<ReqTown>10</ReqTown>
	</RESTRICTION>
	<RESTRICTION>
		<SectorGrid>N8</SectorGrid>
		<ReqTown>10</ReqTown>
	</RESTRICTION>
	<RESTRICTION>
		<SectorGrid>N9</SectorGrid>
		<ReqTown>10</ReqTown>
	</RESTRICTION>
	<RESTRICTION>
		<SectorGrid>N10</SectorGrid>
		<ReqTown>10</ReqTown>
	</RESTRICTION>
	<RESTRICTION>
		<SectorGrid>C9</SectorGrid>
		<ReqTown>6</ReqTown>
	</RESTRICTION>
	<RESTRICTION>
		<SectorGrid>D9</SectorGrid>
		<ReqTown>6</ReqTown>
	</RESTRICTION>
	<RESTRICTION>
		<SectorGrid>E7</SectorGrid>
		<ReqTown>6</ReqTown>
	</RESTRICTION>
	<RESTRICTION>
		<SectorGrid>E8</SectorGrid>
		<ReqTown>6</ReqTown>
	</RESTRICTION>
	<RESTRICTION>
		<SectorGrid>E9</SectorGrid>
		<ReqTown>6</ReqTown>
	</RESTRICTION>
	<RESTRICTION>
		<SectorGrid>E10</SectorGrid>
		<ReqTown>6</ReqTown>
	</RESTRICTION>
	<RESTRICTION>
		<SectorGrid>F7</SectorGrid>
		<ReqTown>6</ReqTown>
	</RESTRICTION>
	<RESTRICTION>
		<SectorGrid>F8</SectorGrid>
		<ReqTown>6</ReqTown>
	</RESTRICTION>
	<RESTRICTION>
		<SectorGrid>F9</SectorGrid>
		<ReqTown>6</ReqTown>
	</RESTRICTION>
	<RESTRICTION>
		<SectorGrid>F10</SectorGrid>
		<ReqTown>6</ReqTown>
	</RESTRICTION>
	<RESTRICTION>
		<SectorGrid>G6</SectorGrid>
		<ReqTown>6</ReqTown>
	</RESTRICTION>
	<RESTRICTION>
		<SectorGrid>G7</SectorGrid>
		<ReqTown>6</ReqTown>
	</RESTRICTION>
	<RESTRICTION>
		<SectorGrid>G8</SectorGrid>
		<ReqTown>6</ReqTown>
	</RESTRICTION>
	<RESTRICTION>
		<SectorGrid>G9</SectorGrid>
		<ReqTown>6</ReqTown>
	</RESTRICTION>
	<RESTRICTION>
		<SectorGrid>G10</SectorGrid>
		<ReqTown>6</ReqTown>
	</RESTRICTION>
	<RESTRICTION>
		<SectorGrid>G11</SectorGrid>
		<ReqTown>6</ReqTown>
	</RESTRICTION>
	<RESTRICTION>
		<SectorGrid>H7</SectorGrid>
		<ReqTown>6</ReqTown>
	</RESTRICTION>
	<RESTRICTION>
		<SectorGrid>H8</SectorGrid>
		<ReqTown>6</ReqTown>
	</RESTRICTION>
	<RESTRICTION>
		<SectorGrid>H9</SectorGrid>
		<ReqTown>6</ReqTown>
	</RESTRICTION>
	<RESTRICTION>
		<SectorGrid>H10</SectorGrid>
		<ReqTown>6</ReqTown>
	</RESTRICTION>
	<RESTRICTION>
		<SectorGrid>I7</SectorGrid>
		<ReqTown>6</ReqTown>
	</RESTRICTION>
	<RESTRICTION>
		<SectorGrid>I8</SectorGrid>
		<ReqTown>6</ReqTown>
	</RESTRICTION>
	<RESTRICTION>
		<SectorGrid>I9</SectorGrid>
		<ReqTown>6</ReqTown>
	</RESTRICTION>
	<RESTRICTION>
		<SectorGrid>A1</SectorGrid>
		<ReqTown>12</ReqTown>
	</RESTRICTION>
	<RESTRICTION>
		<SectorGrid>A2</SectorGrid>
		<ReqTown>12</ReqTown>
	</RESTRICTION>
	<RESTRICTION>
		<SectorGrid>A3</SectorGrid>
		<ReqTown>12</ReqTown>
	</RESTRICTION>
	<RESTRICTION>
		<SectorGrid>B1</SectorGrid>
		<ReqTown>12</ReqTown>
	</RESTRICTION>
	<RESTRICTION>
		<SectorGrid>B2</SectorGrid>
		<ReqTown>12</ReqTown>
	</RESTRICTION>
	<RESTRICTION>
		<SectorGrid>B3</SectorGrid>
		<ReqTown>12</ReqTown>
	</RESTRICTION>
	<RESTRICTION>
		<SectorGrid>C1</SectorGrid>
		<ReqTown>12</ReqTown>
	</RESTRICTION>
	<RESTRICTION>
		<SectorGrid>C2</SectorGrid>
		<ReqTown>12</ReqTown>
	</RESTRICTION>
	<RESTRICTION>
		<SectorGrid>C3</SectorGrid>
		<ReqTown>12</ReqTown>
	</RESTRICTION>
	<RESTRICTION>
		<SectorGrid>D2</SectorGrid>
		<ReqTown>12</ReqTown>
	</RESTRICTION>
	<RESTRICTION>
		<SectorGrid>D3</SectorGrid>
		<ReqTown>12</ReqTown>
	</RESTRICTION>
	<RESTRICTION>
		<SectorGrid>E3</SectorGrid>
		<ReqTown>12</ReqTown>
	</RESTRICTION>
	<RESTRICTION>
		<SectorGrid>D3</SectorGrid>
		<ReqTown>4</ReqTown>
	</RESTRICTION>
	<RESTRICTION>
		<SectorGrid>E3</SectorGrid>
		<ReqTown>4</ReqTown>
	</RESTRICTION>
	<RESTRICTION>
		<SectorGrid>F2</SectorGrid>
		<ReqTown>4</ReqTown>
	</RESTRICTION>
	<RESTRICTION>
		<SectorGrid>F3</SectorGrid>
		<ReqTown>4</ReqTown>
	</RESTRICTION>
	<RESTRICTION>
		<SectorGrid>G1</SectorGrid>
		<ReqTown>4</ReqTown>
	</RESTRICTION>
	<RESTRICTION>
		<SectorGrid>G2</SectorGrid>
		<ReqTown>4</ReqTown>
	</RESTRICTION>
	<RESTRICTION>
		<SectorGrid>G3</SectorGrid>
		<ReqTown>4</ReqTown>
	</RESTRICTION>
	<RESTRICTION>
		<SectorGrid>G4</SectorGrid>
		<ReqTown>4</ReqTown>
	</RESTRICTION>
	<RESTRICTION>
		<SectorGrid>G5</SectorGrid>
		<ReqTown>4</ReqTown>
	</RESTRICTION>
	<RESTRICTION>
		<SectorGrid>G6</SectorGrid>
		<ReqTown>4</ReqTown>
	</RESTRICTION>
	<RESTRICTION>
		<SectorGrid>H1</SectorGrid>
		<ReqTown>4</ReqTown>
	</RESTRICTION>
	<RESTRICTION>
		<SectorGrid>H2</SectorGrid>
		<ReqTown>4</ReqTown>
	</RESTRICTION>
	<RESTRICTION>
		<SectorGrid>H3</SectorGrid>
		<ReqTown>4</ReqTown>
	</RESTRICTION>
	<RESTRICTION>
		<SectorGrid>H4</SectorGrid>
		<ReqTown>4</ReqTown>
	</RESTRICTION>
	<RESTRICTION>
		<SectorGrid>I3</SectorGrid>
		<ReqTown>4</ReqTown>
	</RESTRICTION>
	<RESTRICTION>
		<SectorGrid>I4</SectorGrid>
		<ReqTown>4</ReqTown>
	</RESTRICTION>
	<RESTRICTION>
		<SectorGrid>J2</SectorGrid>
		<ReqTown>4</ReqTown>
	</RESTRICTION>
	<RESTRICTION>
		<SectorGrid>J3</SectorGrid>
		<ReqTown>4</ReqTown>
	</RESTRICTION>
	<RESTRICTION>
		<SectorGrid>K2</SectorGrid>
		<ReqTown>4</ReqTown>
	</RESTRICTION>
	<RESTRICTION>
		<SectorGrid>C5</SectorGrid>
		<ReqTown>2</ReqTown>
		<ReqTown>12</ReqTown>
	</RESTRICTION>
	<RESTRICTION>
		<SectorGrid>C6</SectorGrid>
		<ReqTown>2</ReqTown>
		<ReqTown>12</ReqTown>
	</RESTRICTION>
	<RESTRICTION>
		<SectorGrid>C7</SectorGrid>
		<ReqTown>2</ReqTown>
		<ReqTown>12</ReqTown>
	</RESTRICTION>
	<RESTRICTION>
		<SectorGrid>C8</SectorGrid>
		<ReqTown>2</ReqTown>
		<ReqTown>12</ReqTown>
	</RESTRICTION>
	<RESTRICTION>
		<SectorGrid>C9</SectorGrid>
		<ReqTown>2</ReqTown>
		<ReqTown>12</ReqTown>
	</RESTRICTION>
	<RESTRICTION>
		<SectorGrid>D4</SectorGrid>
		<ReqTown>2</ReqTown>
		<ReqTown>12</ReqTown>
	</RESTRICTION>
	<RESTRICTION>
		<SectorGrid>D5</SectorGrid>
		<ReqTown>2</ReqTown>
		<ReqTown>12</ReqTown>
	</RESTRICTION>
	<RESTRICTION>
		<SectorGrid>C5</SectorGrid>
		<ReqTown>6</ReqTown>
		<ReqTown>12</ReqTown>
	</RESTRICTION>
	<RESTRICTION>
		<SectorGrid>C6</SectorGrid>
		<ReqTown>6</ReqTown>
		<ReqTown>12</ReqTown>
	</RESTRICTION>
	<RESTRICTION>
		<SectorGrid>C7</SectorGrid>
		<ReqTown>6</ReqTown>
		<ReqTown>12</ReqTown>
	</RESTRICTION>
	<RESTRICTION>
		<SectorGrid>C8</SectorGrid>
		<ReqTown>6</ReqTown>
		<ReqTown>12</ReqTown>
	</RESTRICTION>
	<RESTRICTION>
		<SectorGrid>D4</SectorGrid>
		<ReqTown>6</ReqTown>
		<ReqTown>12</ReqTown>
	</RESTRICTION>
	<RESTRICTION>
		<SectorGrid>D5</SectorGrid>
		<ReqTown>6</ReqTown>
		<ReqTown>12</ReqTown>
	</RESTRICTION>
	<RESTRICTION>
		<SectorGrid>D6</SectorGrid>
		<ReqTown>6</ReqTown>
		<ReqTown>12</ReqTown>
	</RESTRICTION>
	<RESTRICTION>
		<SectorGrid>D7</SectorGrid>
		<ReqTown>6</ReqTown>
		<ReqTown>12</ReqTown>
	</RESTRICTION>
	<RESTRICTION>
		<SectorGrid>C5</SectorGrid>
		<ReqTown>2</ReqTown>
		<ReqTown>6</ReqTown>
	</RESTRICTION>
	<RESTRICTION>
		<SectorGrid>C6</SectorGrid>
		<ReqTown>2</ReqTown>
		<ReqTown>6</ReqTown>
	</RESTRICTION>
	<RESTRICTION>
		<SectorGrid>C7</SectorGrid>
		<ReqTown>2</ReqTown>
		<ReqTown>6</ReqTown>
	</RESTRICTION>
	<RESTRICTION>
		<SectorGrid>C8</SectorGrid>
		<ReqTown>2</ReqTown>
		<ReqTown>6</ReqTown>
	</RESTRICTION>
	<RESTRICTION>
		<SectorGrid>D4</SectorGrid>
		<ReqTown>2</ReqTown>
		<ReqTown>6</ReqTown>
	</RESTRICTION>
	<RESTRICTION>
		<SectorGrid>D5</SectorGrid>
		<ReqTown>2</ReqTown>
		<ReqTown>6</ReqTown>
	</RESTRICTION>
	<RESTRICTION>
		<SectorGrid>D6</SectorGrid>
		<ReqTown>2</ReqTown>
		<ReqTown>6</ReqTown>
	</RESTRICTION>
	<RESTRICTION>
		<SectorGrid>D7</SectorGrid>
		<ReqTown>2</ReqTown>
		<ReqTown>6</ReqTown>
	</RESTRICTION>
	<RESTRICTION>
		<SectorGrid>G11</SectorGrid>
		<ReqTown>2</ReqTown>
		<ReqTown>3</ReqTown>
	</RESTRICTION>
	<RESTRICTION>
		<SectorGrid>J7</SectorGrid>
		<ReqTown>3</ReqTown>
		<ReqTown>6</ReqTown>
	</RESTRICTION>
	<RESTRICTION>
		<SectorGrid>J8</SectorGrid>
		<ReqTown>3</ReqTown>
		<ReqTown>6</ReqTown>
	</RESTRICTION>
	<RESTRICTION>
		<SectorGrid>J9</SectorGrid>
		<ReqTown>3</ReqTown>
		<ReqTown>6</ReqTown>
	</RESTRICTION>
	<RESTRICTION>
		<SectorGrid>H6</SectorGrid>
		<ReqTown>6</ReqTown>
		<ReqTown>10</ReqTown>
	</RESTRICTION>
	<RESTRICTION>
		<SectorGrid>I6</SectorGrid>
		<ReqTown>6</ReqTown>
		<ReqTown>10</ReqTown>
	</RESTRICTION>
	<RESTRICTION>
		<SectorGrid>J6</SectorGrid>
		<ReqTown>6</ReqTown>
		<ReqTown>10</ReqTown>
	</RESTRICTION>
	<RESTRICTION>
		<SectorGrid>J7</SectorGrid>
		<ReqTown>6</ReqTown>
		<ReqTown>10</ReqTown>
	</RESTRICTION>
	<RESTRICTION>
		<SectorGrid>J8</SectorGrid>
		<ReqTown>6</ReqTown>
		<ReqTown>10</ReqTown>
	</RESTRICTION>
	<RESTRICTION>
		<SectorGrid>J9</SectorGrid>
		<ReqTown>6</ReqTown>
		<ReqTown>10</ReqTown>
	</RESTRICTION>
	<RESTRICTION>
		<SectorGrid>C5</SectorGrid>
		<ReqTown>4</ReqTown>
		<ReqTown>6</ReqTown>
	</RESTRICTION>
	<RESTRICTION>
		<SectorGrid>C6</SectorGrid>
		<ReqTown>4</ReqTown>
		<ReqTown>6</ReqTown>
	</RESTRICTION>
	<RESTRICTION>
		<SectorGrid>C7</SectorGrid>
		<ReqTown>4</ReqTown>
		<ReqTown>6</ReqTown>
	</RESTRICTION>
	<RESTRICTION>
		<SectorGrid>C8</SectorGrid>
		<ReqTown>4</ReqTown>
		<ReqTown>6</ReqTown>
	</RESTRICTION>
	<RESTRICTION>
		<SectorGrid>D4</SectorGrid>
		<ReqTown>4</ReqTown>
		<ReqTown>6</ReqTown>
	</RESTRICTION>
	<RESTRICTION>
		<SectorGrid>D5</SectorGrid>
		<ReqTown>4</ReqTown>
		<ReqTown>6</ReqTown>
	</RESTRICTION>
	<RESTRICTION>
		<SectorGrid>D6</SectorGrid>
		<ReqTown>4</ReqTown>
		<ReqTown>6</ReqTown>
	</RESTRICTION>
	<RESTRICTION>
		<SectorGrid>D7</SectorGrid>
		<ReqTown>4</ReqTown>
		<ReqTown>6</ReqTown>
	</RESTRICTION>
	<RESTRICTION>
		<SectorGrid>H6</SectorGrid>
		<ReqTown>4</ReqTown>
		<ReqTown>6</ReqTown>
	</RESTRICTION>
	<RESTRICTION>
		<SectorGrid>I6</SectorGrid>
		<ReqTown>4</ReqTown>
		<ReqTown>6</ReqTown>
	</RESTRICTION>
	<RESTRICTION>
		<SectorGrid>J6</SectorGrid>
		<ReqTown>4</ReqTown>
		<ReqTown>6</ReqTown>
	</RESTRICTION>
	<RESTRICTION>
		<SectorGrid>J7</SectorGrid>
		<ReqTown>4</ReqTown>
		<ReqTown>6</ReqTown>
	</RESTRICTION>
	<RESTRICTION>
		<SectorGrid>J8</SectorGrid>
		<ReqTown>4</ReqTown>
		<ReqTown>6</ReqTown>
	</RESTRICTION>
	<RESTRICTION>
		<SectorGrid>J9</SectorGrid>
		<ReqTown>4</ReqTown>
		<ReqTown>6</ReqTown>
	</RESTRICTION>
	<RESTRICTION>
		<SectorGrid>K6</SectorGrid>
		<ReqTown>4</ReqTown>
		<ReqTown>6</ReqTown>
	</RESTRICTION>
	<RESTRICTION>
		<SectorGrid>C5</SectorGrid>
		<ReqTown>4</ReqTown>
		<ReqTown>12</ReqTown>
	</RESTRICTION>
	<RESTRICTION>
		<SectorGrid>C6</SectorGrid>
		<ReqTown>4</ReqTown>
		<ReqTown>12</ReqTown>
	</RESTRICTION>
	<RESTRICTION>
		<SectorGrid>D4</SectorGrid>
		<ReqTown>4</ReqTown>
		<ReqTown>12</ReqTown>
	</RESTRICTION>
	<RESTRICTION>
		<SectorGrid>D5</SectorGrid>
		<ReqTown>4</ReqTown>
		<ReqTown>12</ReqTown>
	</RESTRICTION>
	<RESTRICTION>
		<SectorGrid>L2</SectorGrid>
		<ReqTown>2</ReqTown>
		<ReqTown>3</ReqTown>
		<ReqTown>4</ReqTown>
		<ReqTown>6</ReqTown>
		<ReqTown>10</ReqTown>
		<ReqTown>12</ReqTown>
	</RESTRICTION>
	<RESTRICTION>
		<SectorGrid>L6</SectorGrid>
		<ReqTown>2</ReqTown>
		<ReqTown>3</ReqTown>
		<ReqTown>4</ReqTown>
		<ReqTown>6</ReqTown>
		<ReqTown>10</ReqTown>
		<ReqTown>12</ReqTown>
	</RESTRICTION>
	<RESTRICTION>
		<SectorGrid>M2</SectorGrid>
		<ReqTown>2</ReqTown>
		<ReqTown>3</ReqTown>
		<ReqTown>4</ReqTown>
		<ReqTown>6</ReqTown>
		<ReqTown>10</ReqTown>
		<ReqTown>12</ReqTown>
	</RESTRICTION>
	<RESTRICTION>
		<SectorGrid>M3</SectorGrid>
		<ReqTown>2</ReqTown>
		<ReqTown>3</ReqTown>
		<ReqTown>4</ReqTown>
		<ReqTown>6</ReqTown>
		<ReqTown>10</ReqTown>
		<ReqTown>12</ReqTown>
	</RESTRICTION>
	<RESTRICTION>
		<SectorGrid>M4</SectorGrid>
		<ReqTown>2</ReqTown>
		<ReqTown>3</ReqTown>
		<ReqTown>4</ReqTown>
		<ReqTown>6</ReqTown>
		<ReqTown>10</ReqTown>
		<ReqTown>12</ReqTown>
	</RESTRICTION>
	<RESTRICTION>
		<SectorGrid>M5</SectorGrid>
		<ReqTown>2</ReqTown>
		<ReqTown>3</ReqTown>
		<ReqTown>4</ReqTown>
		<ReqTown>6</ReqTown>
		<ReqTown>10</ReqTown>
		<ReqTown>12</ReqTown>
	</RESTRICTION>
	<RESTRICTION>
		<SectorGrid>M6</SectorGrid>
		<ReqTown>2</ReqTown>
		<ReqTown>3</ReqTown>
		<ReqTown>4</ReqTown>
		<ReqTown>6</ReqTown>
		<ReqTown>10</ReqTown>
		<ReqTown>12</ReqTown>
	</RESTRICTION>
	<RESTRICTION>
		<SectorGrid>N3</SectorGrid>
		<ReqTown>2</ReqTown>
		<ReqTown>3</ReqTown>
		<ReqTown>4</ReqTown>
		<ReqTown>6</ReqTown>
		<ReqTown>10</ReqTown>
		<ReqTown>12</ReqTown>
	</RESTRICTION>
	<RESTRICTION>
		<SectorGrid>N4</SectorGrid>
		<ReqTown>2</ReqTown>
		<ReqTown>3</ReqTown>
		<ReqTown>4</ReqTown>
		<ReqTown>6</ReqTown>
		<ReqTown>10</ReqTown>
		<ReqTown>12</ReqTown>
	</RESTRICTION>
	<RESTRICTION>
		<SectorGrid>N5</SectorGrid>
		<ReqTown>2</ReqTown>
		<ReqTown>3</ReqTown>
		<ReqTown>4</ReqTown>
		<ReqTown>6</ReqTown>
		<ReqTown>10</ReqTown>
		<ReqTown>12</ReqTown>
	</RESTRICTION>
	<RESTRICTION>
		<SectorGrid>N6</SectorGrid>
		<ReqTown>2</ReqTown>
		<ReqTown>3</ReqTown>
		<ReqTown>4</ReqTown>
		<ReqTown>6</ReqTown>
		<ReqTown>10</ReqTown>
		<ReqTown>12</ReqTown>
	</RESTRICTION>
	<RESTRICTION>
		<SectorGrid>N7</SectorGrid>
		<ReqTown>2</ReqTown>
		<ReqTown>3</ReqTown>
		<ReqTown>4</ReqTown>
		<ReqTown>6</ReqTown>
		<ReqTown>10</ReqTown>
		<ReqTown>12</ReqTown>
	</RESTRICTION>
	<RESTRICTION>
		<SectorGrid>O3</SectorGrid>
		<ReqTown>2</ReqTown>
		<ReqTown>3</ReqTown>
		<ReqTown>4</ReqTown>
		<ReqTown>6</ReqTown>
		<ReqTown>10</ReqTown>
		<ReqTown>12</ReqTown>
	</RESTRICTION>
	<RESTRICTION>
		<SectorGrid>O4</SectorGrid>
		<ReqTown>2</ReqTown>
		<ReqTown>3</ReqTown>
		<ReqTown>4</ReqTown>
		<ReqTown>6</ReqTown>
		<ReqTown>10</ReqTown>
		<ReqTown>12</ReqTown>
	</RESTRICTION>
	<RESTRICTION>
		<SectorGrid>P3</SectorGrid>
		<ReqTown>2</ReqTown>
		<ReqTown>3</ReqTown>
		<ReqTown>4</ReqTown>
		<ReqTown>6</ReqTown>
		<ReqTown>10</ReqTown>
		<ReqTown>12</ReqTown>
	</RESTRICTION>
</DYNAMICROAMING>