<!--
	This file offers the original JA2 1.13 Facility setup. All facilities except the Gun
	Range have no effect whatsoever. You can adjust the Gun Range Marksmanship Training bonus
	as you wish - this replaces the INI setting from 1.13.
	The last facility enables 2 Militia Trainers in every city and SAM site, as per JA2
	defaults.
-->

<FACILITYTYPES>
	<FACILITYTYPE>
		<ubIndex>1</ubIndex>
		<szFacilityName>Hospital</szFacilityName>
	</FACILITYTYPE>
	<FACILITYTYPE>
		<ubIndex>2</ubIndex>
		<szFacilityName>Factory</szFacilityName>
	</FACILITYTYPE>
	<FACILITYTYPE>
		<ubIndex>3</ubIndex>
		<szFacilityName>Prison</szFacilityName>
	</FACILITYTYPE>
	<FACILITYTYPE>
		<ubIndex>4</ubIndex>
		<szFacilityName>Military Base</szFacilityName>
	</FACILITYTYPE>
	<FACILITYTYPE>
		<ubIndex>5</ubIndex>
		<szFacilityName>Airport</szFacilityName>
	</FACILITYTYPE>
	<FACILITYTYPE>
		<ubIndex>6</ubIndex>
		<szFacilityName>Gun Range</szFacilityName>
		<sMarksmanshipTraining>25</sMarksmanshipTraining>
	</FACILITYTYPE>
	<FACILITYTYPE>
		<ubIndex>7</ubIndex>
		<szFacilityName>LegacyMilitiaTraining</szFacilityName>
		<ubMilitiaTrainingAllowed>2</ubMilitiaTrainingAllowed>
	</FACILITYTYPE>
</FACILITYTYPES>