<SECTORFACILITIES>
	<FACILITY>
		<SectorGrid>F8</SectorGrid>
		<FacilityType>1</FacilityType>
		<ubHidden>0</ubHidden>
	</FACILITY>
	<FACILITY>
		<SectorGrid>H2</SectorGrid>
		<FacilityType>2</FacilityType>
		<ubHidden>0</ubHidden>
	</FACILITY>
	<FACILITY>
		<SectorGrid>J9</SectorGrid>
		<FacilityType>3</FacilityType>
		<ubHidden>1</ubHidden>
	</FACILITY>
	<FACILITY>
		<SectorGrid>H13</SectorGrid>
		<FacilityType>4</FacilityType>
		<ubHidden>1</ubHidden>
	</FACILITY>
	<FACILITY>
		<SectorGrid>H14</SectorGrid>
		<FacilityType>4</FacilityType>
		<ubHidden>1</ubHidden>
	</FACILITY>
	<FACILITY>
		<SectorGrid>I13</SectorGrid>
		<FacilityType>4</FacilityType>
		<ubHidden>1</ubHidden>
	</FACILITY>
	<FACILITY>
		<SectorGrid>B13</SectorGrid>
		<FacilityType>5</FacilityType>
		<ubHidden>0</ubHidden>
	</FACILITY>
	<FACILITY>
		<SectorGrid>N3</SectorGrid>
		<FacilityType>5</FacilityType>
		<ubHidden>0</ubHidden>
	</FACILITY>
	<FACILITY>
		<SectorGrid>H13</SectorGrid>
		<FacilityType>6</FacilityType>
		<ubHidden>1</ubHidden>
	</FACILITY>
	<FACILITY>
		<SectorGrid>B13</SectorGrid>
		<FacilityType>7</FacilityType>
		<ubHidden>2</ubHidden>
	</FACILITY>
	<FACILITY>
		<SectorGrid>C13</SectorGrid>
		<FacilityType>7</FacilityType>
		<ubHidden>2</ubHidden>
	</FACILITY>
	<FACILITY>
		<SectorGrid>D13</SectorGrid>
		<FacilityType>7</FacilityType>
		<ubHidden>2</ubHidden>
	</FACILITY>
	<FACILITY>
		<SectorGrid>D15</SectorGrid>
		<FacilityType>7</FacilityType>
		<ubHidden>2</ubHidden>
	</FACILITY>
	<FACILITY>
		<SectorGrid>A2</SectorGrid>
		<FacilityType>7</FacilityType>
		<ubHidden>2</ubHidden>
	</FACILITY>
	<FACILITY>
		<SectorGrid>B2</SectorGrid>
		<FacilityType>7</FacilityType>
		<ubHidden>2</ubHidden>
	</FACILITY>
	<FACILITY>
		<SectorGrid>D2</SectorGrid>
		<FacilityType>7</FacilityType>
		<ubHidden>2</ubHidden>
	</FACILITY>
	<FACILITY>
		<SectorGrid>F8</SectorGrid>
		<FacilityType>7</FacilityType>
		<ubHidden>2</ubHidden>
	</FACILITY>
	<FACILITY>
		<SectorGrid>F9</SectorGrid>
		<FacilityType>7</FacilityType>
		<ubHidden>2</ubHidden>
	</FACILITY>
	<FACILITY>
		<SectorGrid>G8</SectorGrid>
		<FacilityType>7</FacilityType>
		<ubHidden>2</ubHidden>
	</FACILITY>
	<FACILITY>
		<SectorGrid>G9</SectorGrid>
		<FacilityType>7</FacilityType>
		<ubHidden>2</ubHidden>
	</FACILITY>
	<FACILITY>
		<SectorGrid>H8</SectorGrid>
		<FacilityType>7</FacilityType>
		<ubHidden>2</ubHidden>
	</FACILITY>
	<FACILITY>
		<SectorGrid>I8</SectorGrid>
		<FacilityType>7</FacilityType>
		<ubHidden>2</ubHidden>
	</FACILITY>
	<FACILITY>
		<SectorGrid>H13</SectorGrid>
		<FacilityType>7</FacilityType>
		<ubHidden>2</ubHidden>
	</FACILITY>
	<FACILITY>
		<SectorGrid>H14</SectorGrid>
		<FacilityType>7</FacilityType>
		<ubHidden>2</ubHidden>
	</FACILITY>
	<FACILITY>
		<SectorGrid>I13</SectorGrid>
		<FacilityType>7</FacilityType>
		<ubHidden>2</ubHidden>
	</FACILITY>
	<FACILITY>
		<SectorGrid>I14</SectorGrid>
		<FacilityType>7</FacilityType>
		<ubHidden>2</ubHidden>
	</FACILITY>
	<FACILITY>
		<SectorGrid>L11</SectorGrid>
		<FacilityType>7</FacilityType>
		<ubHidden>2</ubHidden>
	</FACILITY>
	<FACILITY>
		<SectorGrid>L12</SectorGrid>
		<FacilityType>7</FacilityType>
		<ubHidden>2</ubHidden>
	</FACILITY>
	<FACILITY>
		<SectorGrid>G1</SectorGrid>
		<FacilityType>7</FacilityType>
		<ubHidden>2</ubHidden>
	</FACILITY>
	<FACILITY>
		<SectorGrid>G2</SectorGrid>
		<FacilityType>7</FacilityType>
		<ubHidden>2</ubHidden>
	</FACILITY>
	<FACILITY>
		<SectorGrid>H1</SectorGrid>
		<FacilityType>7</FacilityType>
		<ubHidden>2</ubHidden>
	</FACILITY>
	<FACILITY>
		<SectorGrid>H2</SectorGrid>
		<FacilityType>7</FacilityType>
		<ubHidden>2</ubHidden>
	</FACILITY>
	<FACILITY>
		<SectorGrid>H3</SectorGrid>
		<FacilityType>7</FacilityType>
		<ubHidden>2</ubHidden>
	</FACILITY>
	<FACILITY>
		<SectorGrid>N3</SectorGrid>
		<FacilityType>7</FacilityType>
		<ubHidden>2</ubHidden>
	</FACILITY>
	<FACILITY>
		<SectorGrid>N4</SectorGrid>
		<FacilityType>7</FacilityType>
		<ubHidden>2</ubHidden>
	</FACILITY>
	<FACILITY>
		<SectorGrid>N5</SectorGrid>
		<FacilityType>7</FacilityType>
		<ubHidden>2</ubHidden>
	</FACILITY>
	<FACILITY>
		<SectorGrid>O3</SectorGrid>
		<FacilityType>7</FacilityType>
		<ubHidden>2</ubHidden>
	</FACILITY>
	<FACILITY>
		<SectorGrid>O4</SectorGrid>
		<FacilityType>7</FacilityType>
		<ubHidden>2</ubHidden>
	</FACILITY>
	<FACILITY>
		<SectorGrid>P3</SectorGrid>
		<FacilityType>7</FacilityType>
		<ubHidden>2</ubHidden>
	</FACILITY>
</SECTORFACILITIES>